Band_code,Band_num,WL_code,WL_num,Pval_cat,nSIM,K_obs,K_pval,K_sim_mean,K_sim_SD,K_sim_SES,K_BM_pval,K_BM_mean,K_BM_SD,K_BM_SES,species,extra_y,Blomberg's K
band5_402nm,band5,402nm,402,no_diff,1000,0.04963563611091913,0.3100000000000002,0.04222854216127041,0.02151997363478579,0.34419623719592196,9.99000999000999e-4,0.9704588851818748,0.6916820151299405,-1.3312811796877042,no_diff,0.15,0.04963563611091913
band6_407nm,band6,407nm,407,no_diff,1000,0.05640271541881114,0.20900000000000016,0.0415914987902632,0.02005026058032964,0.7387044457206969,9.99000999000999e-4,0.9925113256870204,0.7109518983587252,-1.3166975324621424,no_diff,0.15,0.05640271541881114
band7_412nm,band7,412nm,412,no_diff,1000,0.05640170155223978,0.20700000000000016,0.04219406262672402,0.02114837987708322,0.6718074390611555,9.99000999000999e-4,1.0222036252301874,0.7173399190537,-1.3463657856264484,no_diff,0.15,0.05640170155223978
band8_417nm,band8,417nm,417,no_diff,1000,0.05611103032886112,0.22700000000000017,0.0430723311476896,0.0232911525660524,0.5598133945580624,9.99000999000999e-4,1.0190197871596902,0.792048350785929,-1.2157196664513723,no_diff,0.15,0.05611103032886112
band9_422nm,band9,422nm,422,no_diff,1000,0.05960076800600986,0.19100000000000017,0.04376608467311657,0.02315735167490649,0.6837864517146791,9.99000999000999e-4,0.9812615667394476,0.7097212734948636,-1.298623605003307,no_diff,0.15,0.05960076800600986
band10_427nm,band10,427nm,427,no_diff,1000,0.06244863208771519,0.1220000000000001,0.04061132300779042,0.01863835058555658,1.1716331324321771,9.99000999000999e-4,0.9907336466094744,0.7314090525715721,-1.2691735373769135,no_diff,0.15,0.06244863208771519
band11_432nm,band11,432nm,432,no_diff,1000,0.06504787678135991,0.1360000000000001,0.04200876717327702,0.02215778606691603,1.0397748917019636,9.99000999000999e-4,0.9821613533033172,0.7457438876339156,-1.229796840081064,no_diff,0.15,0.06504787678135991
band12_437nm,band12,437nm,437,no_diff,1000,0.06773499165221876,0.1240000000000001,0.04270506836625445,0.02255929437149656,1.1095171184781984,9.99000999000999e-4,0.9974848954130814,0.7817746658546717,-1.1892811885179442,no_diff,0.15,0.06773499165221876
band13_442nm,band13,442nm,442,no_diff,1000,0.0696264760486514,0.11600000000000008,0.04315258532114747,0.02374223384162088,1.1150547544980522,9.99000999000999e-4,0.986598423277794,0.8109621804887465,-1.1307209747765383,no_diff,0.15,0.0696264760486514
band14_447nm,band14,447nm,447,no_diff,1000,0.06691637178145315,0.12600000000000008,0.04242671527299107,0.0221590972580289,1.1051739257829534,9.99000999000999e-4,0.9771543604458146,0.7215240366119527,-1.2615490856528486,no_diff,0.15,0.06691637178145315
band15_452nm,band15,452nm,452,no_diff,1000,0.06596681720255036,0.09800000000000007,0.04202225556634648,0.02202481738489195,1.087162777232777,9.99000999000999e-4,0.9775774713001762,0.7459856041119833,-1.2220217777296138,no_diff,0.15,0.06596681720255036
band16_457nm,band16,457nm,457,no_diff,1000,0.07004357712244334,0.12600000000000008,0.04391625609014563,0.02440779016249163,1.0704500841066944,9.99000999000999e-4,0.95627414120384,0.6987845644804237,-1.268245764329879,no_diff,0.15,0.07004357712244334
band17_462nm,band17,462nm,462,no_diff,1000,0.06996695452874513,0.1210000000000001,0.04305849522491488,0.02393861060762341,1.1240610303114695,9.99000999000999e-4,1.0013686233795691,0.7412499414891803,-1.2565284888652084,no_diff,0.15,0.06996695452874513
band18_467nm,band18,467nm,467,no_diff,1000,0.07099590893327594,0.09100000000000008,0.04162041458780117,0.02187578423439381,1.3428316000342366,9.99000999000999e-4,1.000166015398381,0.7664211618443937,-1.2123492313665447,no_diff,0.15,0.07099590893327594
band19_472nm,band19,472nm,472,no_diff,1000,0.07136395814846741,0.11700000000000008,0.04296663684678568,0.02307933188589506,1.2304221561559483,9.99000999000999e-4,0.97107101181045,0.7079490675127889,-1.2708640987732207,no_diff,0.15,0.07136395814846741
band20_477nm,band20,477nm,477,no_diff,1000,0.07585995509450537,0.09800000000000007,0.04369204526001052,0.02417735129283303,1.3304976812753877,9.99000999000999e-4,1.0236445766336448,0.8158772856311052,-1.1616754605516442,no_diff,0.15,0.07585995509450537
band21_482nm,band21,482nm,482,no_diff,1000,0.07555606378100645,0.10500000000000008,0.04461533126253373,0.02544465972975849,1.216001033108191,9.99000999000999e-4,1.019290745484785,0.7592429043513012,-1.2429944044193704,no_diff,0.15,0.07555606378100645
band22_487nm,band22,487nm,487,no_diff,1000,0.074285170271444,0.11700000000000008,0.04483058379217376,0.02634682368672405,1.1179558807353376,9.99000999000999e-4,1.0397368242631118,0.7614865615667356,-1.267851204104351,no_diff,0.15,0.074285170271444
band23_492nm,band23,492nm,492,no_diff,1000,0.07515934718503227,0.09200000000000008,0.04340450011698954,0.0243571082381157,1.30371991443346,9.99000999000999e-4,1.025181524328756,0.7516217528439041,-1.2639631218084548,no_diff,0.15,0.07515934718503227
band24_497nm,band24,497nm,497,no_diff,1000,0.07604343399057009,0.09400000000000008,0.04272970068121006,0.02455417910457901,1.3567439240168886,9.99000999000999e-4,0.9972217728667168,0.6988136952234644,-1.3182030420591218,no_diff,0.15,0.07604343399057009
band25_502nm,band25,502nm,502,no_diff,1000,0.07722077177424014,0.07700000000000005,0.04195056015300885,0.02202495646293389,1.6013748622199553,9.99000999000999e-4,1.0170744370578613,0.7419747027445649,-1.266692330354528,no_diff,0.15,0.07722077177424014
band26_507nm,band26,507nm,507,no_diff,1000,0.0764757924479026,0.06300000000000004,0.04109025292503882,0.02243325825178515,1.5773695967703645,9.99000999000999e-4,0.9988640076959452,0.7531339248562934,-1.2247333240552731,no_diff,0.15,0.0764757924479026
band27_512nm,band27,512nm,512,diff,1000,0.07669061226930987,0.04700000000000003,0.04052427887521578,0.01925271002569561,1.878506108793241,9.99000999000999e-4,1.0025703958275578,0.7775836149040474,-1.1907141120411855,diff,0.15,0.07669061226930987
band28_517nm,band28,517nm,517,diff,1000,0.07643487223006169,0.04000000000000003,0.03977968524164285,0.0172232370882453,2.1282402837870515,9.99000999000999e-4,0.9748140679786466,0.6842556528464595,-1.3129291544927473,diff,0.15,0.07643487223006169
band29_522nm,band29,522nm,522,diff,1000,0.07887166367585853,0.014,0.03744136620819657,0.01417655523503384,2.922451666204301,9.99000999000999e-4,0.9883870705203917,0.6739255116470465,-1.349578538170657,diff,0.15,0.07887166367585853
band30_527nm,band30,527nm,527,diff,1000,0.082228444347184515,0.009,0.03727005432761666,0.01321348048307393,3.402463875975613,9.99000999000999e-4,0.9823543698973342,0.7440851711511338,-1.2097081899342432,diff,0.15,0.082228444347184515
band31_532nm,band31,532nm,532,diff,1000,0.0821010924911419,0.009,0.03776885139521278,0.01260508482587426,3.5170125158482883,9.99000999000999e-4,1.0187746420126762,0.7608389888867326,-1.2311061383592927,diff,0.15,0.0821010924911419
band32_537nm,band32,537nm,537,diff,1000,0.08215579117731746,0.005,0.03619972577177575,0.01210230935423776,3.7972971984433426,9.99000999000999e-4,1.0359265199607772,0.7863644810451129,-1.2128863291432703,diff,0.15,0.08215579117731746
band33_542nm,band33,542nm,542,diff,1000,0.08307106737223749,0.003,0.03637339885188679,0.01150242690930507,4.05981006343747,9.99000999000999e-4,1.020373144425903,0.7815496064292724,-1.1992867366871205,diff,0.15,0.08307106737223749
band34_547nm,band34,547nm,547,diff,1000,0.08347451414005419,0.006,0.03651177223530441,0.01210732062639586,3.878871581410307,9.99000999000999e-4,1.0096577489339431,0.7619130508938095,-1.2156022707674743,diff,0.15,0.08347451414005419
band35_552nm,band35,552nm,552,diff,1000,0.08343009393061732,0.006,0.03728476486870851,0.0123041515414978,3.7503869247933097,9.99000999000999e-4,0.9513117217915412,0.677482343556418,-1.2810394781729837,diff,0.15,0.08343009393061732
band36_557nm,band36,557nm,557,diff,1000,0.08316565663360015,0.004,0.03676541317988124,0.01202007512575801,3.860229072469528,9.99000999000999e-4,0.9878616435846148,0.7533572872007849,-1.2008856917181383,diff,0.15,0.08316565663360015
band37_562nm,band37,562nm,562,diff,1000,0.08090179555264773,0.004,0.03654016787583906,0.01177192311509463,3.768426555549421,9.99000999000999e-4,0.9864029909090484,0.7199224515412056,-1.257776019372516,diff,0.15,0.08090179555264773
band38_567nm,band38,567nm,567,diff,1000,0.07897426065443737,0.011,0.03708798043511314,0.013025409705792,3.2157361008536016,9.99000999000999e-4,1.0029218718113515,0.7331508240536312,-1.2602422050736537,diff,0.15,0.07897426065443737
band39_572nm,band39,572nm,572,diff,1000,0.07662911458693984,0.016,0.03780626135524295,0.01345204920693209,2.8860177832006997,9.99000999000999e-4,1.0274928164330313,0.7803962912852883,-1.218436981908318,diff,0.15,0.07662911458693984
band40_577nm,band40,577nm,577,diff,1000,0.07459355009909359,0.02400000000000001,0.03776177269042389,0.01432402409740284,2.571328919737565,9.99000999000999e-4,0.9676125842089696,0.6696681580590091,-1.3335247067715377,diff,0.15,0.07459355009909359
band41_582nm,band41,582nm,582,diff,1000,0.07212476354484956,0.02600000000000001,0.03832510765171117,0.01494877165077657,2.2610323231061287,9.99000999000999e-4,1.006962547220449,0.7268849426099431,-1.2860876995456585,diff,0.15,0.07212476354484956
band42_587nm,band42,587nm,587,diff,1000,0.07249463452704802,0.03300000000000002,0.03845488182271377,0.01551500912516312,2.193988571307164,9.99000999000999e-4,0.9864368663649892,0.717163339966251,-1.274385040207089,diff,0.15,0.07249463452704802
band43_592nm,band43,592nm,592,diff,1000,0.07158819783951549,0.04500000000000003,0.03934572218609112,0.01606072367208236,2.0075356697326168,9.99000999000999e-4,0.9868473711086514,0.7500895371750156,-1.2201998933569738,diff,0.15,0.07158819783951549
band44_597nm,band44,597nm,597,diff,1000,0.07280309061223535,0.04000000000000003,0.03813833404930337,0.0164841052751918,2.1029201151185095,9.99000999000999e-4,0.984201732160374,0.7298368163409888,-1.2487704390104677,diff,0.15,0.07280309061223535
band45_602nm,band45,602nm,602,diff,1000,0.07307346322222054,0.03700000000000002,0.0393112860094954,0.0162901676722235,2.0725493986346932,9.99000999000999e-4,1.0146891136060208,0.79372404382421,-1.1863262272452268,diff,0.15,0.07307346322222054
band46_607nm,band46,607nm,607,diff,1000,0.07258226209415186,0.04600000000000003,0.03965859335074993,0.01779147440617439,1.8505306525903236,9.99000999000999e-4,0.9894866511744892,0.7274862155283013,-1.2603735569264092,diff,0.15,0.07258226209415186
band47_612nm,band47,612nm,612,no_diff,1000,0.0710480604096968,0.05500000000000004,0.04061638252951356,0.01848412561879303,1.6463682679824991,9.99000999000999e-4,1.0219619851461583,0.7040454850993231,-1.3506427423539429,no_diff,0.15,0.0710480604096968
band48_617nm,band48,617nm,617,no_diff,1000,0.07286692341603922,0.06300000000000004,0.04008408913885197,0.01920668334444743,1.7068451480804263,9.99000999000999e-4,0.9423867486583068,0.6641816224347039,-1.309159717570702,no_diff,0.15,0.07286692341603922
band49_622nm,band49,622nm,622,no_diff,1000,0.07182034668362113,0.07900000000000006,0.04108468624014719,0.01990817274368788,1.543871496354131,9.99000999000999e-4,1.0043774820740852,0.7306499500662151,-1.2763391488714275,no_diff,0.15,0.07182034668362113
band50_627nm,band50,627nm,627,no_diff,1000,0.07145026747169456,0.07700000000000005,0.04160626922858799,0.02079831216534323,1.434924046040447,9.99000999000999e-4,0.9929663349922986,0.7272279788744541,-1.2671625601463432,no_diff,0.15,0.07145026747169456
band51_632nm,band51,632nm,632,no_diff,1000,0.07159980528115593,0.07900000000000006,0.04195942879327802,0.02015182893720906,1.470852922592493,9.99000999000999e-4,0.9789529359878136,0.7528820077086388,-1.205173083453202,no_diff,0.15,0.07159980528115593
band52_637nm,band52,637nm,637,no_diff,1000,0.07250526579235395,0.08400000000000006,0.04274740960783953,0.02150976906811387,1.383457725198339,9.99000999000999e-4,0.9884339967665384,0.6834460946081921,-1.3401623598409336,no_diff,0.15,0.07250526579235395
band53_642nm,band53,642nm,642,no_diff,1000,0.07244742885406533,0.10500000000000008,0.04287441560131428,0.02278584291211293,1.2978678632524958,9.99000999000999e-4,0.981745553920126,0.7124476276871669,-1.276301709387304,no_diff,0.15,0.07244742885406533
band54_647nm,band54,647nm,647,no_diff,1000,0.07265701133780693,0.11400000000000007,0.04262806572782127,0.02528190108216115,1.1877645400319208,9.99000999000999e-4,0.9914661439187222,0.7512143750024274,-1.2230984432079677,no_diff,0.15,0.07265701133780693
band55_652nm,band55,652nm,652,no_diff,1000,0.07272594679131235,0.11700000000000008,0.04334081688492257,0.02348039633103535,1.2514750386708682,9.99000999000999e-4,1.0357417579522594,0.7616681686408766,-1.2643508693285106,no_diff,0.15,0.07272594679131235
band56_657nm,band56,657nm,657,no_diff,1000,0.07379998873560807,0.12600000000000008,0.04420025471485341,0.02606204230149465,1.1357411548310286,9.99000999000999e-4,0.9656152581713766,0.6765921588649074,-1.3180987360715688,no_diff,0.15,0.07379998873560807
band57_662nm,band57,662nm,662,no_diff,1000,0.07357228597494571,0.1400000000000001,0.04484606629984582,0.02722953174460726,1.0549656139712735,9.99000999000999e-4,1.035456555160913,0.7516217927015715,-1.2797450506705568,no_diff,0.15,0.07357228597494571
band58_667nm,band58,667nm,667,no_diff,1000,0.0737287403916548,0.1290000000000001,0.0448572891378694,0.02901561908726106,0.9950313714471474,9.99000999000999e-4,0.987658132818594,0.7023762002035148,-1.3011964132072336,no_diff,0.15,0.0737287403916548
band59_672nm,band59,672nm,672,no_diff,1000,0.07488680444882018,0.1520000000000001,0.04631484157974966,0.03101551269096928,0.9212152368317852,9.99000999000999e-4,1.001133218178137,0.7232137364553857,-1.2807367546266952,no_diff,0.15,0.07488680444882018
band60_677nm,band60,677nm,677,no_diff,1000,0.0764537168392355,0.1310000000000001,0.04585404086480479,0.02792733269183314,1.0956891698926572,9.99000999000999e-4,0.9836681542774014,0.7336500009592792,-1.2365766186218818,no_diff,0.15,0.0764537168392355
band61_682nm,band61,682nm,682,no_diff,1000,0.07542270007842086,0.1420000000000001,0.04615250676639727,0.02788358760004387,1.0497283825836503,9.99000999000999e-4,1.0513156717388703,0.8448454305804618,-1.1551142212960186,no_diff,0.15,0.07542270007842086
band62_687nm,band62,687nm,687,no_diff,1000,0.07438944640314797,0.11500000000000007,0.04423431990205207,0.02489988190836021,1.2110550006653331,9.99000999000999e-4,1.015076912043965,0.7859745007799256,-1.1968422190635566,no_diff,0.15,0.07438944640314797
band63_692nm,band63,692nm,692,no_diff,1000,0.06965538490464165,0.08900000000000007,0.04184292792761199,0.02014263405807082,1.3807755677259923,9.99000999000999e-4,0.986522812357558,0.720017799156202,-1.273395502899241,no_diff,0.15,0.06965538490464165
band64_697nm,band64,697nm,697,diff,1000,0.06899692537310236,0.02900000000000002,0.03784172510807805,0.01434544671022133,2.171783207198823,9.99000999000999e-4,0.9860246502828028,0.6952490049795822,-1.318991783291558,diff,0.15,0.06899692537310236
band65_702nm,band65,702nm,702,diff,1000,0.07234456423778174,0.013,0.03707174058236837,0.01169214859394841,3.016795704569627,9.99000999000999e-4,0.967929656000867,0.6608730398851397,-1.355154526985605,diff,0.15,0.07234456423778174
band66_707nm,band66,707nm,707,diff,1000,0.08189480445853942,0.006,0.03646928231546527,0.01207923549677119,3.7606289036434863,9.99000999000999e-4,1.008302196565925,0.7220022266057031,-1.2831087744183802,diff,0.15,0.08189480445853942
band67_712nm,band67,712nm,712,diff,1000,0.09015931679712118,0.001,0.03679019032487565,0.01158485758880993,4.606800391210324,9.99000999000999e-4,0.9795549134896144,0.685661768972878,-1.297134588712462,diff,0.15,0.09015931679712118
band68_717nm,band68,717nm,717,diff,1000,0.09278367925828086,0.001,0.03718613439546744,0.01203163514344818,4.620946712557937,9.99000999000999e-4,0.9668875380515252,0.7135500919063782,-1.2250070019021615,diff,0.15,0.09278367925828086
band69_722nm,band69,722nm,722,diff,1000,0.10076521839014176,0.002,0.0368715367455522,0.01200847863388574,5.320714104807018,9.99000999000999e-4,1.0117014957175583,0.7578611922154392,-1.2019830104566989,diff,0.15,0.10076521839014176
band70_727nm,band70,727nm,727,diff,1000,0.1049142966656684,0.001,0.03717824841141554,0.01233725243088432,5.490367375858062,9.99000999000999e-4,0.9957151220989626,0.7522244912797443,-1.184222045094268,diff,0.15,0.1049142966656684
band71_732nm,band71,732nm,732,diff,1000,0.1082523649467154,0.001,0.03641266102269418,0.01138363954511622,6.310785196535994,9.99000999000999e-4,0.9723543553309332,0.7557242537757032,-1.1434091020197437,diff,0.15,0.1082523649467154
band72_737nm,band72,737nm,737,diff,1000,0.11034497088040984,0.001,0.03628267779855652,0.01125715624356464,6.579129886750249,9.99000999000999e-4,0.9952669046052216,0.6840540913125641,-1.2936432147154069,diff,0.15,0.11034497088040984
band73_742nm,band73,742nm,742,diff,1000,0.11006927041374225,0.001,0.03666948634697394,0.01138160491354212,6.448983656025112,9.99000999000999e-4,0.9899934757745652,0.6748819116990729,-1.3038195128767616,diff,0.15,0.11006927041374225
band74_747nm,band74,747nm,747,diff,1000,0.11082907964978266,0.001,0.03654319030090634,0.0108934180183547,6.819337073424465,9.99000999000999e-4,1.0207913626921754,0.8018997905786857,-1.1347581003677836,diff,0.15,0.11082907964978266
band75_752nm,band75,752nm,752,diff,1000,0.1121370965162283,0.001,0.0368941758110065,0.01155016471628288,6.514445685709384,9.99000999000999e-4,1.0312107393748555,0.7775219684076973,-1.182054887453298,diff,0.15,0.1121370965162283
band76_757nm,band76,757nm,757,diff,1000,0.10999388808993853,0.001,0.03633402857410974,0.01069561789058561,6.886919509406268,9.99000999000999e-4,0.9958218886494666,0.7642395576764693,-1.159097290452651,diff,0.15,0.10999388808993853
band77_762nm,band77,762nm,762,diff,1000,0.11168810111895734,0.001,0.03599483812572016,0.01054203838991251,7.180135396363831,9.99000999000999e-4,0.9892595431698455,0.7119600101776773,-1.2326133905075385,diff,0.15,0.11168810111895734
band78_767nm,band78,767nm,767,diff,1000,0.11254070261333896,0.001,0.03570815427779832,0.01109663535875863,6.923949994887079,9.99000999000999e-4,0.993129072432792,0.7024532937842444,-1.2535899220794633,diff,0.15,0.11254070261333896
band79_772nm,band79,772nm,772,diff,1000,0.11315087822784388,0.001,0.03588408556608641,0.0110175781682513,7.013046922091513,9.99000999000999e-4,1.0174237112919575,0.7929835456459463,-1.1403424926396346,diff,0.15,0.11315087822784388
band80_777nm,band80,777nm,777,diff,1000,0.1133202666341425,0.001,0.03600034968825411,0.0105107145293726,7.356295019697746,9.99000999000999e-4,0.9972170094676164,0.7003084987868118,-1.262153385778844,diff,0.15,0.1133202666341425
band81_782nm,band81,782nm,782,diff,1000,0.11416900390708062,0.001,0.03705769474319653,0.01185516440168927,6.504448740744267,9.99000999000999e-4,1.0094932168093442,0.6899849627224652,-1.2975996018371094,diff,0.15,0.11416900390708062
band82_787nm,band82,787nm,787,diff,1000,0.11453572076257236,0.001,0.03678581459038249,0.01126278311704233,6.903258756225378,9.99000999000999e-4,1.0067878441355969,0.7856716895112412,-1.1356551792366172,diff,0.15,0.11453572076257236
band83_792nm,band83,792nm,792,diff,1000,0.11469848455102306,0.001,0.03651006769371261,0.0107451409117025,7.276630199624061,9.99000999000999e-4,0.9820066084919852,0.7131753083807874,-1.2161219180598415,diff,0.15,0.11469848455102306
band84_797nm,band84,797nm,797,diff,1000,0.11570288358931734,0.001,0.03632555343027317,0.01124500201894958,7.058898702310678,9.99000999000999e-4,0.9662445002188148,0.6918961284616147,-1.2292909031311108,diff,0.15,0.11570288358931734
band85_802nm,band85,802nm,802,diff,1000,0.1153480636293012,0.001,0.03662804339341414,0.01137629101682428,6.919655986249718,9.99000999000999e-4,0.9734586730757212,0.6571576455238751,-1.3057911070369557,diff,0.15,0.1153480636293012
band86_807nm,band86,807nm,807,diff,1000,0.11546869884952028,0.001,0.03660122346936292,0.01084489566716085,7.272312966456088,9.99000999000999e-4,0.9797307644577856,0.7255732015218365,-1.1911438622533732,diff,0.15,0.11546869884952028
band87_812nm,band87,812nm,812,diff,1000,0.11618715962643215,0.001,0.03640266519193611,0.01088591798265507,7.329147120308971,9.99000999000999e-4,1.048080944890672,0.7768828011681884,-1.1995294320622925,diff,0.15,0.11618715962643215
band88_817nm,band88,817nm,817,diff,1000,0.11670034474097928,0.001,0.03704355242766503,0.01124014159235596,7.086813956817601,9.99000999000999e-4,1.0008754895809218,0.756427355968396,-1.168883089517566,diff,0.15,0.11670034474097928
band89_822nm,band89,822nm,822,diff,1000,0.11695750729020432,0.001,0.03671477245067284,0.01139045220251004,7.044736540121634,9.99000999000999e-4,0.9766899553402982,0.6982409518796835,-1.2312833352665309,diff,0.15,0.11695750729020432
band90_827nm,band90,827nm,827,diff,1000,0.11700889376537804,0.001,0.03655319329020837,0.01121672778539471,7.172831686254431,9.99000999000999e-4,0.9570177516700696,0.7280754321526363,-1.1537387759687368,diff,0.15,0.11700889376537804
band91_832nm,band91,832nm,832,diff,1000,0.11711406921505184,0.001,0.03581888385545818,0.01055183523262314,7.704364555300587,9.99000999000999e-4,1.0252604621565975,0.7980073546241816,-1.138017572994968,diff,0.15,0.11711406921505184
band92_837nm,band92,837nm,837,diff,1000,0.11777939700458688,0.001,0.0359613480905161,0.01101622667380405,7.427048420184499,9.99000999000999e-4,1.037830234827744,0.7994519938267758,-1.150851889703977,diff,0.15,0.11777939700458688
band93_842nm,band93,842nm,842,diff,1000,0.11798068645698664,0.001,0.03674253014963597,0.01176493675030005,6.905107781839861,9.99000999000999e-4,1.0050911645667846,0.7652182430282268,-1.1592908117286935,diff,0.15,0.11798068645698664
band94_847nm,band94,847nm,847,diff,1000,0.11842064380517396,0.001,0.03646039909810123,0.01086887156739924,7.5408237367446,9.99000999000999e-4,1.021505487222601,0.7714464596394259,-1.1706383925068875,diff,0.15,0.11842064380517396
band95_852nm,band95,852nm,852,diff,1000,0.11878981822753938,0.001,0.03611455719524466,0.0111940263992735,7.385658929450117,9.99000999000999e-4,1.0216475911207918,0.8169174381286294,-1.1052007592854092,diff,0.15,0.11878981822753938
band96_857nm,band96,857nm,857,diff,1000,0.11942577974522207,0.001,0.03652773645394101,0.0113905640726681,7.277782097744976,9.99000999000999e-4,1.0161261746413104,0.7346388137349495,-1.2206003523516646,diff,0.15,0.11942577974522207
band97_862nm,band97,862nm,862,diff,1000,0.1188706444002002,0.001,0.03676290605378328,0.01141945653097536,7.190161644181494,9.99000999000999e-4,0.9996565799729772,0.8014033951888679,-1.0990544098770645,diff,0.15,0.1188706444002002
band98_867nm,band98,867nm,867,diff,1000,0.12053509355193665,0.001,0.03678102266343116,0.01176937731447878,7.116270355736708,9.99000999000999e-4,0.9866557573301794,0.7002824765901211,-1.236816131678228,diff,0.15,0.12053509355193665
band99_872nm,band99,872nm,872,diff,1000,0.11997420005968346,0.001,0.03645189452093419,0.01092374403075274,7.645941291155817,9.99000999000999e-4,1.0206286391314694,0.7344200495847221,-1.226347836746915,diff,0.15,0.11997420005968346
band100_877nm,band100,877nm,877,diff,1000,0.12130146504639484,0.001,0.0361038416994929,0.01127621173751621,7.555518229889873,9.99000999000999e-4,1.0157334335864132,0.7206536227687971,-1.2411399044988547,diff,0.15,0.12130146504639484
band101_882nm,band101,882nm,882,diff,1000,0.12254842795568494,0.001,0.0366009700304365,0.01113298621141247,7.720072251337501,9.99000999000999e-4,0.9853388302888644,0.7037304967541976,-1.2260238916923605,diff,0.15,0.12254842795568494
band102_887nm,band102,887nm,887,diff,1000,0.12231773919314325,0.001,0.03624993555486722,0.01092883822322527,7.875293043991649,9.99000999000999e-4,0.9629753564451602,0.7186879756161659,-1.1697115379331071,diff,0.15,0.12231773919314325
band103_892nm,band103,892nm,892,diff,1000,0.12266100037619893,0.001,0.03706628708353365,0.01189855105000975,7.193708959427888,9.99000999000999e-4,0.9726474100078576,0.7224375926604912,-1.1765534051203632,diff,0.15,0.12266100037619893
band104_897nm,band104,897nm,897,diff,1000,0.12496432736282852,0.001,0.03732820707280784,0.01180718658282998,7.422269452187804,9.99000999000999e-4,1.020694498625146,0.7424982895176082,-1.2063733801249052,diff,0.15,0.12496432736282852
band105_902nm,band105,902nm,902,diff,1000,0.12466783154117256,0.001,0.03693956751716456,0.01143097881937098,7.6746064716123295,9.99000999000999e-4,0.9860737281470514,0.7601288647895893,-1.1332366609237028,diff,0.15,0.12466783154117256
band106_907nm,band106,907nm,907,diff,1000,0.12651715723201512,0.001,0.03661532152947163,0.01134788123182588,7.922345490399373,9.99000999000999e-4,0.9866433781012842,0.7412827558603012,-1.1603213673452355,diff,0.15,0.12651715723201512
band107_912nm,band107,912nm,912,diff,1000,0.12583144335670493,0.001,0.03677020176682887,0.01117223680199306,7.971657168418415,9.99000999000999e-4,1.0132152675776365,0.735153377467568,-1.2070730427407703,diff,0.15,0.12583144335670493
band108_917nm,band108,917nm,917,diff,1000,0.12486726105718804,0.001,0.03676249537255322,0.01127886087757939,7.811495029588779,9.99000999000999e-4,1.0178350890967307,0.7417439945585018,-1.2038760469790548,diff,0.15,0.12486726105718804
band109_922nm,band109,922nm,922,diff,1000,0.12696311021469994,0.001,0.03636662743360876,0.01130771555957556,8.011917376571484,9.99000999000999e-4,0.9657090140875734,0.7013843347782972,-1.1958435087347583,diff,0.15,0.12696311021469994
band110_927nm,band110,927nm,927,diff,1000,0.12450238968887103,0.001,0.03672293655384245,0.0114435632601325,7.670639916924985,9.99000999000999e-4,0.9866168723150728,0.7367642063775705,-1.170136218838504,diff,0.15,0.12450238968887103
band111_932nm,band111,932nm,932,diff,1000,0.10532888468416436,0.001,0.03694235984708328,0.0115795659096419,5.90579347885036,9.99000999000999e-4,0.972042639191848,0.7055029204784536,-1.228504842928079,diff,0.15,0.10532888468416436
band112_937nm,band112,937nm,937,diff,1000,0.10509386103226488,0.001,0.03587992156202684,0.01143153629724565,6.05464897022762,9.99000999000999e-4,0.983761833149944,0.73323735650913,-1.198340434127538,diff,0.15,0.10509386103226488
band113_943nm,band113,943nm,943,diff,1000,0.1102569286795131,0.001,0.03665428738760801,0.01112700648786711,6.61477472599314,9.99000999000999e-4,0.9905706734605084,0.7481703078120344,-1.1766221348123316,diff,0.15,0.1102569286795131
band114_948nm,band114,948nm,948,diff,1000,0.11022957439084637,0.001,0.03620935681530644,0.01144645307942029,6.466651028223028,9.99000999000999e-4,0.9737568090321858,0.6820688122567695,-1.2660412250549562,diff,0.15,0.11022957439084637
band115_953nm,band115,953nm,953,diff,1000,0.11421421798794322,0.001,0.03698360103662168,0.01147727125011044,6.72900511526887,9.99000999000999e-4,1.0177099679256387,0.7188334962690509,-1.256891553645029,diff,0.15,0.11421421798794322
band116_958nm,band116,958nm,958,diff,1000,0.1196651449324832,0.001,0.03658678481029582,0.01180665886715749,7.036568182154046,9.99000999000999e-4,1.0052147702481646,0.7637077765674501,-1.159539882251638,diff,0.15,0.1196651449324832
band117_963nm,band117,963nm,963,diff,1000,0.12475200577482064,0.001,0.03651821842678312,0.01190197005679172,7.413376686970233,0.00299700299700299,0.982236261485902,0.7579699868309342,-1.131290513620751,diff,0.15,0.12475200577482064
band118_968nm,band118,968nm,968,diff,1000,0.13529076806123427,0.001,0.03673019341874661,0.01214767682593369,8.11353282234787,9.99000999000999e-4,0.9752462720300396,0.6994226693114284,-1.2009269084682792,diff,0.15,0.13529076806123427
band119_973nm,band119,973nm,973,diff,1000,0.13690332121009258,0.001,0.03658087719480825,0.01187015988711203,8.451650607015743,9.99000999000999e-4,0.9995331672658784,0.7650171781499056,-1.127595393533442,diff,0.15,0.13690332121009258
band120_978nm,band120,978nm,978,diff,1000,0.13695118243819557,0.001,0.03670180310035655,0.01181549046067964,8.484571983825422,9.99000999000999e-4,0.9760881279709028,0.7210006761884471,-1.1638504279479802,diff,0.15,0.13695118243819557
band121_983nm,band121,983nm,983,diff,1000,0.1367728991239026,0.001,0.03662203492576461,0.01154100536333301,8.67782840794163,9.99000999000999e-4,1.0209583329269272,0.7615428023528764,-1.1610449617161758,diff,0.15,0.1367728991239026
band122_988nm,band122,988nm,988,diff,1000,0.1374280894321488,0.001,0.03603786851100087,0.01136067654527629,8.92466399488377,9.99000999000999e-4,0.9858553075332788,0.7305472465213497,-1.1613584503139118,diff,0.15,0.1374280894321488
band123_993nm,band123,993nm,993,diff,1000,0.13828669731822363,0.001,0.03635507362531839,0.01159017576077352,8.79465728534408,9.99000999000999e-4,0.9795302171047804,0.7040879058015493,-1.1947989915106785,diff,0.15,0.13828669731822363
band124_998nm,band124,998nm,998,diff,1000,0.13682189246385562,0.001,0.0369696092016228,0.01190961826545906,8.384171602865724,9.99000999000999e-4,0.9864438455407823,0.727490760477249,-1.16788006011177,diff,0.15,0.13682189246385562
band125_1003nm,band125,1003nm,1003,diff,1000,0.1385812890160557,0.001,0.03687446837821807,0.01172992091836888,8.670716652366023,9.99000999000999e-4,1.0076323771114597,0.6950685777734656,-1.2503098483882868,diff,0.15,0.1385812890160557
band126_1008nm,band126,1008nm,1008,diff,1000,0.138591477770905,0.001,0.03664731785156697,0.01125918187512221,9.054313275158057,9.99000999000999e-4,0.969311056082845,0.7274758035950606,-1.1419205617653074,diff,0.15,0.138591477770905
band127_1013nm,band127,1013nm,1013,diff,1000,0.13741453083710778,0.001,0.03639021985543752,0.01190186241069235,8.488109465197006,9.99000999000999e-4,1.0132946455863203,0.7989512067680838,-1.0962873668998154,diff,0.15,0.13741453083710778
band128_1018nm,band128,1018nm,1018,diff,1000,0.1366116472993273,0.001,0.03694854009014587,0.01172960550717851,8.496714330945538,9.99000999000999e-4,1.006957901177159,0.7599199393534769,-1.145313089979325,diff,0.15,0.1366116472993273
band129_1023nm,band129,1023nm,1023,diff,1000,0.13716029001504867,0.001,0.03665564976274037,0.01241554443055435,8.095065086712495,0.00199800199800199,1.0480849626625903,0.8185547742566476,-1.1128451037070524,diff,0.15,0.13716029001504867
band130_1028nm,band130,1028nm,1028,diff,1000,0.13666746753699005,0.001,0.03711725668408153,0.01216719072599426,8.181856691062398,9.99000999000999e-4,1.0174417537172726,0.735575842970073,-1.1973942518611462,diff,0.15,0.13666746753699005
band131_1033nm,band131,1033nm,1033,diff,1000,0.13712378560232352,0.001,0.03685650507365886,0.01173703927732903,8.542808638490149,9.99000999000999e-4,1.0037990953601696,0.707703073525821,-1.2246312644086954,diff,0.15,0.13712378560232352
band132_1038nm,band132,1038nm,1038,diff,1000,0.13554814194581497,0.001,0.03632428423627185,0.01197284718427568,8.287407012081212,9.99000999000999e-4,0.9560775133284878,0.6824823683544399,-1.202271896578198,diff,0.15,0.13554814194581497
band133_1043nm,band133,1043nm,1043,diff,1000,0.1369018865493925,0.001,0.03681646150390225,0.01197974878974657,8.354551234926818,0.00199800199800199,1.0138757799696745,0.782553365867841,-1.120656982220925,diff,0.15,0.1369018865493925
band134_1048nm,band134,1048nm,1048,diff,1000,0.137001161598717,0.001,0.03604705551381778,0.01108320691269532,9.108745048264028,0.00199800199800199,0.9998924212391338,0.7827549273298715,-1.1023772952588184,diff,0.15,0.137001161598717
band135_1053nm,band135,1053nm,1053,diff,1000,0.135811760439415,0.001,0.03650891790358073,0.01159108240552927,8.567175960069438,9.99000999000999e-4,1.0336277635792586,0.7873532820709164,-1.1402962603755018,diff,0.15,0.135811760439415
band136_1058nm,band136,1058nm,1058,diff,1000,0.13604580830887616,0.001,0.03666816989853316,0.01168924098586635,8.501633128318772,0.00199800199800199,0.9884866326384896,0.7438480730629892,-1.1459878101444358,diff,0.15,0.13604580830887616
band137_1063nm,band137,1063nm,1063,diff,1000,0.1370495730797673,0.001,0.03630841295606856,0.01203203289321729,8.372746402687165,9.99000999000999e-4,1.008498070112247,0.7432833994569158,-1.1724309969376532,diff,0.15,0.1370495730797673
band138_1068nm,band138,1068nm,1068,diff,1000,0.1372514043875493,0.001,0.03664280210138854,0.01240442518819809,8.110702492033449,9.99000999000999e-4,1.0001576117412136,0.7256533308859326,-1.1891438661215308,diff,0.15,0.1372514043875493
band139_1073nm,band139,1073nm,1073,diff,1000,0.1379388125758502,0.001,0.03644073352873864,0.01203233208553344,8.43544529236717,9.99000999000999e-4,1.0356234347443738,0.756628872918512,-1.186426601334844,diff,0.15,0.1379388125758502
band140_1078nm,band140,1078nm,1078,diff,1000,0.13766795110613156,0.001,0.03650319115393131,0.01160946403770143,8.71399055319611,9.99000999000999e-4,0.9790050914267202,0.7131220774133633,-1.1797939889510742,diff,0.15,0.13766795110613156
band141_1083nm,band141,1083nm,1083,diff,1000,0.1385763322073842,0.001,0.03741863658442333,0.01255937271991943,8.05435891416158,9.99000999000999e-4,1.0062237166992636,0.7115002265440765,-1.2194618527477443,diff,0.15,0.1385763322073842
band142_1088nm,band142,1088nm,1088,diff,1000,0.1381419287884066,0.001,0.03714763257675674,0.01198406151061183,8.427384666059988,9.99000999000999e-4,1.0156345198367702,0.7429045469627141,-1.181164652492569,diff,0.15,0.1381419287884066
band143_1093nm,band143,1093nm,1093,diff,1000,0.1392700780803441,0.001,0.03720112741103285,0.0123161040926944,8.287438129875497,9.99000999000999e-4,0.9878384915239928,0.7132844841395799,-1.189663356363708,diff,0.15,0.1392700780803441
band144_1098nm,band144,1098nm,1098,diff,1000,0.1401860101210252,0.001,0.0368503097139098,0.01203427425446816,8.586782902072244,9.99000999000999e-4,0.9855531942967424,0.7030532994554334,-1.202422611245145,diff,0.15,0.1401860101210252
band145_1103nm,band145,1103nm,1103,diff,1000,0.1367480419618688,0.001,0.03629217391211145,0.01183090430633845,8.490971226598267,9.99000999000999e-4,1.0225853908451312,0.7493170902530771,-1.1821929065892205,diff,0.15,0.1367480419618688
band146_1108nm,band146,1108nm,1108,diff,1000,0.1317725863120726,0.001,0.03630566235801329,0.01185070440463668,8.055801637977494,9.99000999000999e-4,0.9744834519236406,0.7073369942587335,-1.1913852554745874,diff,0.15,0.1317725863120726
band147_1113nm,band147,1113nm,1113,diff,1000,0.12652538309126757,0.001,0.03679782327138359,0.01151933582202872,7.789299765729171,9.99000999000999e-4,1.016611528082705,0.7468620549397573,-1.191767795812351,diff,0.15,0.12652538309126757
band148_1118nm,band148,1118nm,1118,diff,1000,0.09645231859655468,0.001,0.03626818067902342,0.0105740080064564,5.691705347753027,9.99000999000999e-4,0.984610718136408,0.6953834701079323,-1.2772210409344356,diff,0.15,0.09645231859655468
band149_1123nm,band149,1123nm,1123,diff,1000,0.07551498074955368,0.006,0.03647397056795236,0.01097062304170743,3.5586866883656145,9.99000999000999e-4,0.96705620812111,0.6943503933788587,-1.2839932631608724,diff,0.15,0.07551498074955368
band150_1128nm,band150,1128nm,1128,diff,1000,0.0766259819189805,0.005,0.03633361920705248,0.01113624861693821,3.618127081919076,9.99000999000999e-4,0.9869500267737484,0.7208446031498127,-1.2628575436051033,diff,0.15,0.0766259819189805
band151_1133nm,band151,1133nm,1133,diff,1000,0.08908144389131835,0.001,0.03650545616909697,0.01110865622756283,4.732884576243314,9.99000999000999e-4,1.0292791049995824,0.8359795511542383,-1.1246658603193485,diff,0.15,0.08908144389131835
band152_1138nm,band152,1138nm,1138,diff,1000,0.10670146211294138,0.001,0.03621108354918458,0.01112458059265537,6.336452684813634,9.99000999000999e-4,0.9966670351739148,0.7447387008172872,-1.1950037940613427,diff,0.15,0.10670146211294138
band153_1143nm,band153,1143nm,1143,diff,1000,0.10476977718499204,0.001,0.03641172486449981,0.01127219283502071,6.064308277987919,9.99000999000999e-4,0.9727109634492668,0.7406328410243428,-1.1718913045549753,diff,0.15,0.10476977718499204
band154_1148nm,band154,1148nm,1148,diff,1000,0.10056058969439832,0.001,0.03652448498001093,0.01161891757029542,5.511365781447679,9.99000999000999e-4,0.971284598930199,0.7050882338370341,-1.2349149616316668,diff,0.15,0.10056058969439832
band155_1153nm,band155,1153nm,1153,diff,1000,0.10952208434104856,0.001,0.03602931314962913,0.01159950815932767,6.335852363905677,9.99000999000999e-4,0.9958054415279156,0.7536614536849234,-1.1759701293644609,diff,0.15,0.10952208434104856
band156_1158nm,band156,1158nm,1158,diff,1000,0.13087706486730985,0.001,0.03697547244652938,0.01185887282292459,7.918256129643083,9.99000999000999e-4,0.9925188666405468,0.7229277330408777,-1.1918781952780826,diff,0.15,0.13087706486730985
band157_1163nm,band157,1163nm,1163,diff,1000,0.14813905248732356,0.001,0.03714280060316244,0.01227236982008484,9.044402467607007,9.99000999000999e-4,1.007498483162372,0.7265368454291591,-1.1828160348391306,diff,0.15,0.14813905248732356
band158_1168nm,band158,1168nm,1168,diff,1000,0.1545809033568225,0.001,0.03717757990903891,0.01236020083236704,9.498496427367536,9.99000999000999e-4,0.9963683617069548,0.7380711603199722,-1.140523439481359,diff,0.15,0.1545809033568225
band159_1173nm,band159,1173nm,1173,diff,1000,0.15881536374448812,0.001,0.0371149313427857,0.01204913887999621,10.100342739326168,0.00199800199800199,1.0359544506697895,0.8104726563729567,-1.0822562365653292,diff,0.15,0.15881536374448812
band160_1178nm,band160,1178nm,1178,diff,1000,0.16346774320910767,0.001,0.03715853264549498,0.01245592025353392,10.140496084805694,0.00199800199800199,1.0264861056955414,0.8031329362510115,-1.0745647744381706,diff,0.15,0.16346774320910767
band161_1183nm,band161,1183nm,1183,diff,1000,0.1644393365065019,0.001,0.03715717809419974,0.01269667921789636,10.024838481616042,0.00199800199800199,0.978843626621939,0.7053504233868214,-1.1546094864521113,diff,0.15,0.1644393365065019
band162_1188nm,band162,1188nm,1188,diff,1000,0.16377963372622473,0.001,0.03692815761006352,0.01195378065237009,10.611828994119126,9.99000999000999e-4,1.0384215480297891,0.7613099665633556,-1.148864395210538,diff,0.15,0.16377963372622473
band163_1193nm,band163,1193nm,1193,diff,1000,0.16523032188004436,0.001,0.0367798842800239,0.01216769528342819,10.556677711592895,9.99000999000999e-4,0.9720462475809962,0.6993344277670087,-1.153691129260051,diff,0.15,0.16523032188004436
band164_1198nm,band164,1198nm,1198,diff,1000,0.16778528539812404,0.001,0.03690974835697776,0.01241941751770034,10.537977071357853,9.99000999000999e-4,1.0129464848823384,0.734698807037226,-1.1503505809304946,diff,0.15,0.16778528539812404
band165_1203nm,band165,1203nm,1203,diff,1000,0.1671251641300812,0.001,0.03680736028649833,0.01213879723550616,10.735643846360764,0.00199800199800199,1.0209615175095146,0.7585272705878472,-1.125650173022419,diff,0.15,0.1671251641300812
band166_1208nm,band166,1208nm,1208,diff,1000,0.16883358788931757,0.001,0.03703092274190435,0.01224765541623432,10.761460921958028,0.00299700299700299,1.0435240709020437,0.7951953769350262,-1.0999692759584483,diff,0.15,0.16883358788931757
band167_1213nm,band167,1213nm,1213,diff,1000,0.16615305541048295,0.001,0.03817192336837793,0.01297177605509733,9.86612253391579,0.00199800199800199,1.0118691506383608,0.7761617212938118,-1.0896132494374025,diff,0.15,0.16615305541048295
band168_1218nm,band168,1218nm,1218,diff,1000,0.16937019319500624,0.001,0.03723906863203075,0.01250519883021544,10.566095458131882,9.99000999000999e-4,0.9741677704933512,0.6937952581100126,-1.159992905530541,diff,0.15,0.16937019319500624
band169_1223nm,band169,1223nm,1223,diff,1000,0.168131810673758,0.001,0.03652009139261453,0.01220756264170006,10.781162722161124,0.00299700299700299,1.0124683218937935,0.7742383473701674,-1.0905382226131894,diff,0.15,0.168131810673758
band170_1228nm,band170,1228nm,1228,diff,1000,0.16766505359352502,0.001,0.03717646034981543,0.01264465914294225,10.319660796593563,9.99000999000999e-4,1.0264401791730686,0.7277113311588658,-1.1801041000858972,diff,0.15,0.16766505359352502
band171_1233nm,band171,1233nm,1233,diff,1000,0.16905180532197778,0.001,0.03680751388498679,0.01244530793515499,10.626036103408316,0.00199800199800199,0.9801973526917755,0.740280343786801,-1.0957275229279977,diff,0.15,0.16905180532197778
band172_1238nm,band172,1238nm,1238,diff,1000,0.1688342363168311,0.001,0.03649167734702586,0.01248157294257025,10.603035336870994,0.00199800199800199,1.0182768702166607,0.7495216975836437,-1.13331293361929,diff,0.15,0.1688342363168311
band173_1243nm,band173,1243nm,1243,diff,1000,0.16906708157195258,0.001,0.03655614590494489,0.01207442073443778,10.974517004287389,0.00299700299700299,0.9983250668758183,0.7470563458321755,-1.1100340555706314,diff,0.15,0.16906708157195258
band174_1248nm,band174,1248nm,1248,diff,1000,0.16863718655443655,0.001,0.03711150602993647,0.01284640845464151,10.23832310710771,9.99000999000999e-4,1.009050564688566,0.7300333428509672,-1.151198621767192,diff,0.15,0.16863718655443655
band175_1253nm,band175,1253nm,1253,diff,1000,0.168632190501769,0.001,0.03749638482620687,0.01322670869129921,9.914469936260549,9.99000999000999e-4,0.9718728328400456,0.7198327429019423,-1.1158712218342313,diff,0.15,0.168632190501769
band176_1258nm,band176,1258nm,1258,diff,1000,0.16854419037819482,0.001,0.03662239224292113,0.01197240828233364,11.01881885618084,0.00199800199800199,1.0162525321051907,0.7571300673693158,-1.1196337039848367,diff,0.15,0.16854419037819482
band177_1263nm,band177,1263nm,1263,diff,1000,0.16867667888055762,0.001,0.0374264084724769,0.01343831138984078,9.76687223569655,0.00199800199800199,1.0116875371187384,0.7543464752692542,-1.1175380092248446,diff,0.15,0.16867667888055762
band178_1268nm,band178,1268nm,1268,diff,1000,0.16933034254682316,0.001,0.03669750465934604,0.01283079499124976,10.337070928023476,0.00199800199800199,0.9859657996075722,0.7666344967169139,-1.065221380668314,diff,0.15,0.16933034254682316
band179_1273nm,band179,1273nm,1273,diff,1000,0.16953314291725255,0.001,0.03688106039083322,0.01290113828192138,10.282199882494654,0.00199800199800199,1.0036677859582972,0.7429292560907138,-1.1227645650007818,diff,0.15,0.16953314291725255
band180_1278nm,band180,1278nm,1278,diff,1000,0.1684284383064721,0.001,0.03682519665185439,0.01261311527733416,10.433841185223248,9.99000999000999e-4,1.007059464549219,0.7304912800948828,-1.1480370116585346,diff,0.15,0.1684284383064721
band181_1283nm,band181,1283nm,1283,diff,1000,0.17102021032785217,0.001,0.03636594996798296,0.01262685299644642,10.66411879490202,0.00299700299700299,0.9833237164340256,0.7438082001141246,-1.0920873230243215,diff,0.15,0.17102021032785217
band182_1288nm,band182,1288nm,1288,diff,1000,0.1688008241626358,0.001,0.0373787974942033,0.01297100142974922,10.131987678839796,9.99000999000999e-4,0.9641801777594186,0.7190424940949479,-1.1061646010197483,diff,0.15,0.1688008241626358
band183_1293nm,band183,1293nm,1293,diff,1000,0.16768344881710448,0.001,0.03754752556861324,0.01335854799003571,9.741771586669524,9.99000999000999e-4,0.9678398439129822,0.6810849904387252,-1.17482605890412,diff,0.15,0.16768344881710448
band184_1298nm,band184,1298nm,1298,diff,1000,0.16807897969423502,0.001,0.03671999123761548,0.01242020308957406,10.576235147627065,9.99000999000999e-4,0.962463766982012,0.6516591693729301,-1.219018813242798,diff,0.15,0.16807897969423502
band185_1303nm,band185,1303nm,1303,diff,1000,0.16503718640228485,0.001,0.03641549362313014,0.01260512589631102,10.20391972576781,9.99000999000999e-4,0.9921956434157037,0.7294157824390165,-1.1340013157482975,diff,0.15,0.16503718640228485
band186_1308nm,band186,1308nm,1308,diff,1000,0.16472987241930848,0.001,0.03631566617008296,0.01206083285807212,10.64720884207262,9.99000999000999e-4,1.0045703130922203,0.7214050248288971,-1.1641732615767475,diff,0.15,0.16472987241930848
band187_1313nm,band187,1313nm,1313,diff,1000,0.15778098162437068,0.001,0.03641680096184682,0.01205928550645554,10.063961135803234,9.99000999000999e-4,0.9949731101278227,0.7091197772432304,-1.180607501539606,diff,0.15,0.15778098162437068
band188_1318nm,band188,1318nm,1318,diff,1000,0.15767281303844835,0.001,0.03664630537357509,0.01190396464689606,10.166907518196524,0.00199800199800199,1.013842515016019,0.7634703609701147,-1.121418388645325,diff,0.15,0.15767281303844835
band189_1323nm,band189,1323nm,1323,diff,1000,0.14969043904174412,0.001,0.03667404396047727,0.01167176568796578,9.68288758553411,9.99000999000999e-4,0.9690728008301968,0.7222720646462076,-1.1344511326072302,diff,0.15,0.14969043904174412
band190_1328nm,band190,1328nm,1328,diff,1000,0.13396803536979315,0.001,0.03573187952740007,0.0112728146445064,8.714430152567676,0.00199800199800199,0.9973185057106972,0.7587399856649405,-1.1378739576829942,diff,0.15,0.13396803536979315
band191_1333nm,band191,1333nm,1333,diff,1000,0.12055525278544044,0.001,0.03589860870063856,0.01096213598798895,7.72264129705733,9.99000999000999e-4,1.0361265680247806,0.8128634886205023,-1.1263531060955163,diff,0.15,0.12055525278544044
band192_1338nm,band192,1338nm,1338,diff,1000,0.10939893992779204,0.001,0.03601572240374261,0.0108460593561097,6.765887509430956,9.99000999000999e-4,1.0336796642974535,0.7960171088732465,-1.161131732052808,diff,0.15,0.10939893992779204
band214_1448nm,band214,1448nm,1448,no_diff,1000,0.06130762427324595,0.23300000000000015,0.04727719877747473,0.03164213121071969,0.443409623780904,9.99000999000999e-4,1.0177657631001582,0.766033851361728,-1.2485846899933724,no_diff,0.15,0.06130762427324595
band215_1453nm,band215,1453nm,1453,no_diff,1000,0.06451881948466315,0.21700000000000016,0.0482021695309689,0.03218905171435937,0.5069006101355723,9.99000999000999e-4,0.9870405303105813,0.744387359002799,-1.2393033004506586,no_diff,0.15,0.06451881948466315
band216_1458nm,band216,1458nm,1458,no_diff,1000,0.0696022458217741,0.17100000000000012,0.0460670789000462,0.02961298504229765,0.7947583429401488,9.99000999000999e-4,0.9869123860693148,0.6742684554416669,-1.3604524026660476,no_diff,0.15,0.0696022458217741
band217_1463nm,band217,1463nm,1463,no_diff,1000,0.06763304324528537,0.18500000000000016,0.04630803645069539,0.03180387656143473,0.6705159590654619,9.99000999000999e-4,1.0206645966263608,0.7455548686239621,-1.278284930443877,no_diff,0.15,0.06763304324528537
band218_1468nm,band218,1468nm,1468,no_diff,1000,0.06637239993121427,0.20700000000000016,0.0471655889585258,0.03163047695604101,0.6072248293752086,9.99000999000999e-4,0.9907380599167632,0.7383396863390027,-1.251951746720999,no_diff,0.15,0.06637239993121427
band219_1473nm,band219,1473nm,1473,no_diff,1000,0.06631511158138324,0.1830000000000001,0.04516512904857816,0.02812352788815664,0.7520387419713352,9.99000999000999e-4,1.0194951757447823,0.7439122681466966,-1.2813070908724895,no_diff,0.15,0.06631511158138324
band220_1478nm,band220,1478nm,1478,no_diff,1000,0.06811703479235824,0.1490000000000001,0.04434125005170381,0.02713835786450441,0.8760951881967752,9.99000999000999e-4,0.9733098081966076,0.7037401337205285,-1.2862599843761684,no_diff,0.15,0.06811703479235824
band221_1483nm,band221,1483nm,1483,no_diff,1000,0.07218781310875173,0.1340000000000001,0.04441834061916863,0.02530639121040821,1.097330403955893,9.99000999000999e-4,0.9804052602516083,0.7288597157333545,-1.2460799074744286,no_diff,0.15,0.07218781310875173
band222_1488nm,band222,1488nm,1488,no_diff,1000,0.07757732467388158,0.08300000000000006,0.04249456110565122,0.02160864938175994,1.6235518911165283,9.99000999000999e-4,0.9971702407792716,0.77758407122507,-1.1826282843687728,no_diff,0.15,0.07757732467388158
band223_1493nm,band223,1493nm,1493,diff,1000,0.08470411733384989,0.04200000000000003,0.04281351374332941,0.02153963495244608,1.944814927597615,9.99000999000999e-4,0.9878867186494906,0.7100685148344991,-1.2719654264999374,diff,0.15,0.08470411733384989
band224_1498nm,band224,1498nm,1498,diff,1000,0.09178772534761008,0.02900000000000002,0.04199688766492419,0.02123214321396282,2.3450688506067583,9.99000999000999e-4,0.9659620562104916,0.7013629550683195,-1.2463936461795715,diff,0.15,0.09178772534761008
band225_1503nm,band225,1503nm,1503,diff,1000,0.09475116917541748,0.02100000000000001,0.04102830708212261,0.01859393717307775,2.889267700177047,9.99000999000999e-4,0.97572926445156,0.6887801763275733,-1.279041014178612,diff,0.15,0.09475116917541748
band226_1508nm,band226,1508nm,1508,diff,1000,0.10050691225024248,0.005,0.03867710020672676,0.0169565448826717,3.6463685539322968,9.99000999000999e-4,1.01865087998736,0.7862065742064259,-1.1678151746109038,diff,0.15,0.10050691225024248
band227_1513nm,band227,1513nm,1513,diff,1000,0.10310112041148511,0.007,0.03906118494633166,0.01614613586049277,3.966270073439045,9.99000999000999e-4,0.9963103151746744,0.7213376609223678,-1.23826779489241,diff,0.15,0.10310112041148511
band228_1518nm,band228,1518nm,1518,diff,1000,0.10720321655778256,0.005,0.03834710748820762,0.01660680554699782,4.146258524838495,9.99000999000999e-4,1.0108415179257133,0.7570981595923179,-1.1935550099005945,diff,0.15,0.10720321655778256
band229_1523nm,band229,1523nm,1523,diff,1000,0.11283865651907708,0.002,0.03833767778199628,0.01471359705677316,5.063410289789436,9.99000999000999e-4,1.007756111975102,0.754881343454774,-1.1855074485751158,diff,0.15,0.11283865651907708
band230_1528nm,band230,1528nm,1528,diff,1000,0.1153543003196216,0.002,0.03931300199971038,0.01531566192653036,4.964937113699908,9.99000999000999e-4,1.0328916920387936,0.7863717552562816,-1.1667985092116426,diff,0.15,0.1153543003196216
band231_1533nm,band231,1533nm,1533,diff,1000,0.12027952211402948,0.002,0.03853409504397016,0.01483568313059596,5.510054801687822,9.99000999000999e-4,0.9776548172836326,0.707666975012244,-1.2115519381906563,diff,0.15,0.12027952211402948
band232_1538nm,band232,1538nm,1538,diff,1000,0.1226868297696507,0.001,0.03742411967785349,0.01374937327206411,6.201207022652692,9.99000999000999e-4,1.0168470055909806,0.7805472532682406,-1.1455554703157036,diff,0.15,0.1226868297696507
band233_1544nm,band233,1544nm,1544,diff,1000,0.12691359095917082,0.001,0.03808350455137054,0.01431975743545888,6.203323401822251,9.99000999000999e-4,0.988329109675167,0.7515984098704037,-1.1461114172188416,diff,0.15,0.12691359095917082
band234_1549nm,band234,1549nm,1549,diff,1000,0.129418663096078,0.001,0.0373472026431982,0.01390458438988222,6.621662170634622,9.99000999000999e-4,1.0032886794874587,0.7555154042178872,-1.1566541350616335,diff,0.15,0.129418663096078
band235_1554nm,band235,1554nm,1554,diff,1000,0.1319569061572837,0.001,0.03778442563819848,0.0137404132340396,6.853686196699562,9.99000999000999e-4,0.990827707896972,0.703774548297312,-1.2203777528153168,diff,0.15,0.1319569061572837
band236_1559nm,band236,1559nm,1559,diff,1000,0.134163239463531,0.001,0.03779673747124744,0.01367517494565117,7.046820415480607,9.99000999000999e-4,1.010696323325206,0.737152948620525,-1.1890789903261998,diff,0.15,0.134163239463531
band237_1564nm,band237,1564nm,1564,diff,1000,0.135984853631757,0.002,0.03797325287998133,0.01361177542915478,7.200500864997128,9.99000999000999e-4,1.0398610371302983,0.7974954023694282,-1.1333935980233198,diff,0.15,0.135984853631757
band238_1569nm,band238,1569nm,1569,diff,1000,0.13917558375241798,0.001,0.03721611343581874,0.01291942852356481,7.891948945777818,9.99000999000999e-4,1.0377307544895664,0.7519073801238725,-1.1950343812147668,diff,0.15,0.13917558375241798
band239_1574nm,band239,1574nm,1574,diff,1000,0.13906225465327338,0.001,0.03658609345994736,0.01299093662394608,7.888281204022852,9.99000999000999e-4,1.0225126779118947,0.7667885778532504,-1.1521434314162384,diff,0.15,0.13906225465327338
band240_1579nm,band240,1579nm,1579,diff,1000,0.14208109224585372,0.001,0.0370161762911753,0.01232851044071687,8.522109500567463,9.99000999000999e-4,1.0045455448469705,0.7438457914918433,-1.159466736877511,diff,0.15,0.14208109224585372
band241_1584nm,band241,1584nm,1584,diff,1000,0.1440907300551774,0.001,0.03773083468746831,0.01320991433296267,8.05152044796456,0.00299700299700299,1.027565948710104,0.8309984728899779,-1.063149027918727,diff,0.15,0.1440907300551774
band242_1589nm,band242,1589nm,1589,diff,1000,0.14617698283360164,0.001,0.03804197247843622,0.01267589400898124,8.530760061463802,9.99000999000999e-4,1.0327437383499585,0.7691912680861405,-1.15259596968939,diff,0.15,0.14617698283360164
band243_1594nm,band243,1594nm,1594,diff,1000,0.14688500250263797,0.001,0.03731589052397297,0.01304369920205589,8.400156296259512,0.00199800199800199,1.0230584959865217,0.7794002060529143,-1.1241637950303536,diff,0.15,0.14688500250263797
band244_1599nm,band244,1599nm,1599,diff,1000,0.14856775394818064,0.001,0.03707390967360716,0.01323415745827182,8.424702866511979,9.99000999000999e-4,1.0108421755594958,0.7798356452774642,-1.105713013803722,diff,0.15,0.14856775394818064
band245_1604nm,band245,1604nm,1604,diff,1000,0.1495497105584039,0.001,0.03661188301690065,0.01232583194226197,9.162694094040804,0.00199800199800199,1.0280842765083784,0.759022105113072,-1.157455836966828,diff,0.15,0.1495497105584039
band246_1609nm,band246,1609nm,1609,diff,1000,0.15161127929100118,0.001,0.03673657218629012,0.01218400806472938,9.428318373922751,9.99000999000999e-4,0.9797251679496564,0.7037067205553448,-1.1767883757101707,diff,0.15,0.15161127929100118
band247_1614nm,band247,1614nm,1614,diff,1000,0.1486185625709493,0.001,0.03701950393714491,0.01234338258980685,9.041205506014432,9.99000999000999e-4,0.9723679357172658,0.7224290148454171,-1.1402495694647308,diff,0.15,0.1486185625709493
band248_1619nm,band248,1619nm,1619,diff,1000,0.15158051476439274,0.001,0.03673778545335802,0.01275399608446096,9.004450726698531,9.99000999000999e-4,0.9919908795478374,0.7305091373436036,-1.1504446992127737,diff,0.15,0.15158051476439274
band249_1624nm,band249,1624nm,1624,diff,1000,0.15386375141833156,0.001,0.03706706402128536,0.01173746187912013,9.950761808634011,0.00199800199800199,0.9789722471702128,0.7633197193454889,-1.0809474389832,diff,0.15,0.15386375141833156
band250_1629nm,band250,1629nm,1629,diff,1000,0.1541934892419382,0.001,0.03715553445749848,0.01233970164314763,9.484666499163868,9.99000999000999e-4,1.0196871071144344,0.7422272857578196,-1.166076260574038,diff,0.15,0.1541934892419382
band251_1634nm,band251,1634nm,1634,diff,1000,0.15337792483854357,0.001,0.03648798199451868,0.01235892660811318,9.45793648190215,0.00299700299700299,1.0536009396851196,0.8627932389113706,-1.0433820923103574,diff,0.15,0.15337792483854357
band252_1639nm,band252,1639nm,1639,diff,1000,0.15593783647501355,0.001,0.03771207523995495,0.01274339227521934,9.27741677268768,0.00199800199800199,1.0094672519535033,0.781252669554916,-1.0925139186593118,diff,0.15,0.15593783647501355
band253_1644nm,band253,1644nm,1644,diff,1000,0.155691652282982,0.001,0.03654698469635573,0.01191613950757923,9.998596232516794,0.00199800199800199,0.9803605296919736,0.7468657840289491,-1.1041727912079942,diff,0.15,0.155691652282982
band254_1649nm,band254,1649nm,1649,diff,1000,0.15472968895942027,0.001,0.03575441414526723,0.01239678617218581,9.597267643535972,9.99000999000999e-4,1.0295506484045185,0.7541427273885283,-1.1600204148019282,diff,0.15,0.15472968895942027
band255_1654nm,band255,1654nm,1654,diff,1000,0.15692684736657916,0.001,0.03676530387395793,0.01259058085377475,9.54376488965526,9.99000999000999e-4,0.9644063393169532,0.6856466177691557,-1.1776904764404996,diff,0.15,0.15692684736657916
band256_1659nm,band256,1659nm,1659,diff,1000,0.1577405994964934,0.001,0.03686849351509334,0.01204225965408101,10.037327665529752,0.00199800199800199,1.0064595364912474,0.7686041282758009,-1.104234163949488,diff,0.15,0.1577405994964934
band257_1664nm,band257,1664nm,1664,diff,1000,0.15630490466882194,0.001,0.03702113777546333,0.01186602506615642,10.052546343726569,9.99000999000999e-4,1.0048739684059766,0.7555598901091013,-1.1230996706490377,diff,0.15,0.15630490466882194
band258_1669nm,band258,1669nm,1669,diff,1000,0.15827617087418397,0.001,0.03678062559080559,0.01218327457057636,9.972322677254631,9.99000999000999e-4,0.9942264574433568,0.7512343494962138,-1.1127689876398363,diff,0.15,0.15827617087418397
band259_1674nm,band259,1674nm,1674,diff,1000,0.158051394724108,0.001,0.03676026078181391,0.01183881697177449,10.24520728983903,9.99000999000999e-4,0.9914393020128672,0.7737323587856537,-1.0771010128059433,diff,0.15,0.158051394724108
band260_1679nm,band260,1679nm,1679,diff,1000,0.15739532252100352,0.001,0.03661227519605999,0.01202958670631495,10.04049850370489,9.99000999000999e-4,1.0230683406199763,0.761374707222642,-1.1369868343233944,diff,0.15,0.15739532252100352
band261_1684nm,band261,1684nm,1684,diff,1000,0.15658597173504302,0.001,0.03722599073036911,0.01228119413301065,9.71892307148259,9.99000999000999e-4,1.0122129585995518,0.7278504332467299,-1.175553311204068,diff,0.15,0.15658597173504302
band262_1689nm,band262,1689nm,1689,diff,1000,0.15606315277350488,0.001,0.03616551751682785,0.01223362959645756,9.800659265619355,9.99000999000999e-4,0.9892991017157954,0.7025420204206637,-1.1860300519011957,diff,0.15,0.15606315277350488
band263_1694nm,band263,1694nm,1694,diff,1000,0.15332257972207008,0.001,0.03691008897369596,0.01221296271349398,9.531879649460578,0.00299700299700299,1.0283013404984604,0.8210381038235162,-1.0656981164475514,diff,0.15,0.15332257972207008
band264_1699nm,band264,1699nm,1699,diff,1000,0.15369402171503496,0.001,0.03710330755057259,0.0123793522617642,9.418159504562546,0.00199800199800199,1.0685924606656905,0.8240807134202682,-1.110204891403728,diff,0.15,0.15369402171503496
band265_1704nm,band265,1704nm,1704,diff,1000,0.1534872779679186,0.001,0.03686717551964653,0.01251261246487317,9.320204136079596,0.00199800199800199,1.0309872694416675,0.8262890125160539,-1.0619770784580052,diff,0.15,0.1534872779679186
band266_1709nm,band266,1709nm,1709,diff,1000,0.150894482959623,0.001,0.03685575077018508,0.012229854855140561,9.324618610784585,9.99000999000999e-4,0.984742071205188,0.7308253999991734,-1.1409668961239008,diff,0.15,0.150894482959623
band267_1714nm,band267,1714nm,1714,diff,1000,0.14985994885613746,0.001,0.03773360926251595,0.01247232939919167,8.990007881036908,9.99000999000999e-4,0.9788946061277388,0.6985412535765856,-1.1868084426322418,diff,0.15,0.14985994885613746
band268_1719nm,band268,1719nm,1719,diff,1000,0.14802826388194826,0.001,0.03643012773016419,0.01151297116690609,9.693252465755466,9.99000999000999e-4,1.0398786608608055,0.7524352717528895,-1.185285207192884,diff,0.15,0.14802826388194826
band269_1724nm,band269,1724nm,1724,diff,1000,0.1456214596387145,0.001,0.03757902583183457,0.01248081615273329,8.656680178981619,9.99000999000999e-4,1.0224399602850094,0.7229884150072301,-1.2127697794957426,diff,0.15,0.1456214596387145
band270_1729nm,band270,1729nm,1729,diff,1000,0.14490228101425026,0.001,0.03704774840328678,0.01192640746988344,9.043337893939787,0.00299700299700299,0.9820148761118384,0.7199961793387852,-1.1626625517184797,diff,0.15,0.14490228101425026
band271_1734nm,band271,1734nm,1734,diff,1000,0.141497197446529,0.001,0.03708796470036382,0.01242458250226703,8.403439932658845,0.00199800199800199,1.032196660206368,0.8260392318684036,-1.0782774333189742,diff,0.15,0.141497197446529
band272_1739nm,band272,1739nm,1739,diff,1000,0.13663531708803614,0.001,0.036997731106301,0.01221174349887689,8.159161383540257,9.99000999000999e-4,1.028043754886047,0.73454176086286,-1.213557193468321,diff,0.15,0.13663531708803614
band273_1744nm,band273,1744nm,1744,diff,1000,0.13659923787877334,0.001,0.03721751457998062,0.01292622446797545,7.688379816164385,9.99000999000999e-4,0.9920591491925584,0.7176462787578027,-1.1920355983654347,diff,0.15,0.13659923787877334
band274_1749nm,band274,1749nm,1749,diff,1000,0.13338825302805224,0.001,0.03761288928362676,0.01302011625304574,7.355953040897089,9.99000999000999e-4,0.9786949903849924,0.6887506945513878,-1.2273043701357336,diff,0.15,0.13338825302805224
band275_1754nm,band275,1754nm,1754,diff,1000,0.13172839772223602,0.001,0.03705255894983956,0.01317964799723137,7.183487661604077,9.99000999000999e-4,0.9783270355958448,0.733011037327893,-1.1549602867642843,diff,0.15,0.13172839772223602
band276_1759nm,band276,1759nm,1759,diff,1000,0.12764434756005424,0.001,0.0375472343873323,0.0127725040614469,7.05398978456191,9.99000999000999e-4,0.9829657124594544,0.7685583448902555,-1.1128906095236446,diff,0.15,0.12764434756005424
band277_1764nm,band277,1764nm,1764,diff,1000,0.12219711717532944,0.002,0.0380781250133755,0.01382370225583291,6.085127602228259,9.99000999000999e-4,0.98600979885092,0.7482091190474418,-1.154507021747243,diff,0.15,0.12219711717532944
band278_1769nm,band278,1769nm,1769,diff,1000,0.1135476800330687,0.001,0.038253172965164,0.01462797254775969,5.1472961698602715,9.99000999000999e-4,1.0228147273122337,0.7573157523966229,-1.200644571833707,diff,0.15,0.1135476800330687
band279_1774nm,band279,1774nm,1774,diff,1000,0.1099312413756682,0.002,0.03772479761117687,0.0141616718247806,5.0987231350850735,9.99000999000999e-4,1.0066109844835354,0.7349538357305266,-1.2200490690909709,diff,0.15,0.1099312413756682
band280_1779nm,band280,1779nm,1779,diff,1000,0.10246139969939544,0.005,0.0387621927758941,0.01495249968161325,4.2601042153393776,9.99000999000999e-4,0.9702118899209128,0.6691216912580894,-1.296850037233084,diff,0.15,0.10246139969939544
band281_1784nm,band281,1784nm,1784,diff,1000,0.0960247592266464,0.005,0.03894371542204963,0.01505416254551936,3.791711669911922,9.99000999000999e-4,0.9809505464225976,0.7188354492811825,-1.2310547401089564,diff,0.15,0.0960247592266464
band282_1789nm,band282,1789nm,1789,diff,1000,0.09043751059565264,0.013,0.03998633870045792,0.01615202088610741,3.1235207192301555,9.99000999000999e-4,1.0454578289856464,0.8241105458284248,-1.158849772308124,diff,0.15,0.09043751059565264
band316_1959nm,band316,1959nm,1959,no_diff,1000,0.07157358932931246,0.19800000000000015,0.05145582355369203,0.04046931886447341,0.49711154870167834,9.99000999000999e-4,1.0534430926466152,0.7773268638014756,-1.263135945817596,no_diff,0.15,0.07157358932931246
band317_1964nm,band317,1964nm,1964,no_diff,1000,0.07171223341728736,0.20400000000000015,0.05064556675091307,0.03867748782377835,0.5446751547659414,9.99000999000999e-4,1.013128901766437,0.7983010041677552,-1.179275315243522,no_diff,0.15,0.07171223341728736
band318_1969nm,band318,1969nm,1969,no_diff,1000,0.07274287117422994,0.21100000000000016,0.05200073956195856,0.04277472880577801,0.48491556092506494,9.99000999000999e-4,1.0179080854266134,0.7774576358223974,-1.2157128191976458,no_diff,0.15,0.07274287117422994
band319_1974nm,band319,1974nm,1974,no_diff,1000,0.07275392056001859,0.19000000000000017,0.05116264050010821,0.04114272523019963,0.5247897395980448,9.99000999000999e-4,0.9798604918131636,0.7250449200558393,-1.2511039608184331,no_diff,0.15,0.07275392056001859
band320_1979nm,band320,1979nm,1979,no_diff,1000,0.07367444253877004,0.22200000000000017,0.05319595298041236,0.04165774858727839,0.4915889661068116,9.99000999000999e-4,1.0047479255648644,0.7681610242425774,-1.212081130963592,no_diff,0.15,0.07367444253877004
band321_1984nm,band321,1984nm,1984,no_diff,1000,0.07365916954854268,0.20000000000000015,0.05139110198630337,0.0392050953561205,0.567989118760374,9.99000999000999e-4,0.9634004767056606,0.6924900840522696,-1.284843390031791,no_diff,0.15,0.07365916954854268
band322_1989nm,band322,1989nm,1989,no_diff,1000,0.07494345134944971,0.21300000000000016,0.05361742093074196,0.04482395623078997,0.4757730511091904,9.99000999000999e-4,0.9931474574738098,0.7125769506614968,-1.2885682104535887,no_diff,0.15,0.07494345134944971
band323_1994nm,band323,1994nm,1994,no_diff,1000,0.07478830049206751,0.19100000000000017,0.05114325688010676,0.04285637983294758,0.551727507179285,9.99000999000999e-4,0.9791110576261608,0.7283484985902534,-1.2416072235810809,no_diff,0.15,0.07478830049206751
band324_1999nm,band324,1999nm,1999,no_diff,1000,0.0767261644849131,0.18800000000000017,0.05191300009409132,0.04638618418860969,0.5349257505193699,9.99000999000999e-4,0.988387856740346,0.6778601490464087,-1.3449111790063606,no_diff,0.15,0.0767261644849131
band325_2004nm,band325,2004nm,2004,no_diff,1000,0.07037367048900621,0.1580000000000001,0.046750311780477,0.03152052009193296,0.7494596738768635,9.99000999000999e-4,1.0042078105243883,0.7439452228983255,-1.255245831671949,no_diff,0.15,0.07037367048900621
band326_2009nm,band326,2009nm,2009,no_diff,1000,0.07478754398104237,0.1420000000000001,0.04649347789131678,0.03273624800337122,0.864303877671376,9.99000999000999e-4,1.0110256881199462,0.7589095456014413,-1.2336623640659683,no_diff,0.15,0.07478754398104237
band327_2014nm,band327,2014nm,2014,no_diff,1000,0.07446542282052977,0.1490000000000001,0.04646406997946896,0.02931045430417429,0.9553367051384444,9.99000999000999e-4,0.9837474402291732,0.7142996042150133,-1.2729700703221138,no_diff,0.15,0.07446542282052977
band328_2019nm,band328,2019nm,2019,no_diff,1000,0.07382664230077271,0.1590000000000001,0.04597532663819544,0.03326356170300363,0.8372920468123639,9.99000999000999e-4,1.019627632070047,0.7589088427583034,-1.2462642895709308,no_diff,0.15,0.07382664230077271
band329_2024nm,band329,2024nm,2024,no_diff,1000,0.07650641159799135,0.1360000000000001,0.04638983232522563,0.03151765187595945,0.9555464154275268,9.99000999000999e-4,1.0163113011357436,0.7946954583240105,-1.182597534305498,no_diff,0.15,0.07650641159799135
band330_2029nm,band330,2029nm,2029,no_diff,1000,0.07668174234102007,0.1400000000000001,0.04606798861334843,0.03100039675524511,0.9875278038979272,9.99000999000999e-4,0.9968178453102028,0.7179276178197281,-1.2816558106004343,no_diff,0.15,0.07668174234102007
band331_2034nm,band331,2034nm,2034,no_diff,1000,0.07814868587998174,0.1290000000000001,0.04638675982271575,0.03033969998892944,1.0468767347355277,9.99000999000999e-4,1.0051386699943772,0.8118380805339248,-1.141840973393042,no_diff,0.15,0.07814868587998174
band332_2039nm,band332,2039nm,2039,no_diff,1000,0.07798802563100249,0.10800000000000008,0.04553870750903592,0.02894901245130216,1.1209127833480534,9.99000999000999e-4,0.9701261537810296,0.7347820460555815,-1.214153411803073,no_diff,0.15,0.07798802563100249
band333_2044nm,band333,2044nm,2044,no_diff,1000,0.07875735547401755,0.1240000000000001,0.04702361559694733,0.03023896607087382,1.049432040853942,9.99000999000999e-4,1.0403591897726143,0.7534588502754613,-1.2762499689890685,no_diff,0.15,0.07875735547401755
band334_2049nm,band334,2049nm,2049,no_diff,1000,0.0808999614477335,0.10900000000000008,0.04556745901554131,0.02806192623781895,1.2590904178407647,9.99000999000999e-4,0.9857576946649276,0.7457776665442734,-1.2133076301547798,no_diff,0.15,0.0808999614477335
band335_2054nm,band335,2054nm,2054,no_diff,1000,0.0805195748881853,0.08700000000000006,0.04372209131844166,0.02673693564514296,1.3762790193358705,9.99000999000999e-4,0.9611418450902124,0.7144363268872176,-1.2326112727762286,no_diff,0.15,0.0805195748881853
band336_2059nm,band336,2059nm,2059,no_diff,1000,0.07895657588140977,0.11500000000000007,0.04561228360335393,0.02953153791467941,1.129107883727288,9.99000999000999e-4,1.006305466898286,0.7481813881605175,-1.2394706760841256,no_diff,0.15,0.07895657588140977
band337_2064nm,band337,2064nm,2064,no_diff,1000,0.08129735276645257,0.08400000000000006,0.04387963785545856,0.02663466411033379,1.404850264151692,9.99000999000999e-4,1.0317717257445749,0.8148707197077892,-1.1664112478099102,no_diff,0.15,0.08129735276645257
band338_2069nm,band338,2069nm,2069,no_diff,1000,0.08157789719549306,0.08900000000000007,0.04437214746557368,0.02506355594107658,1.4844561488955763,9.99000999000999e-4,1.0043460475067942,0.7490696188889706,-1.2318856979942163,no_diff,0.15,0.08157789719549306
band339_2074nm,band339,2074nm,2074,no_diff,1000,0.08266003662132013,0.07400000000000005,0.04344652880918124,0.02473970583967194,1.5850434142695884,9.99000999000999e-4,0.990184867771784,0.7336709342231278,-1.2369644057269724,no_diff,0.15,0.08266003662132013
band340_2079nm,band340,2079nm,2079,no_diff,1000,0.08351686187681386,0.05800000000000004,0.04352099621828891,0.02363450194613166,1.69226606719636,9.99000999000999e-4,1.018523834209175,0.7690808087514497,-1.2157460720548745,no_diff,0.15,0.08351686187681386
band341_2084nm,band341,2084nm,2084,no_diff,1000,0.08647967736494151,0.06000000000000004,0.04342007872574977,0.02335208247888605,1.8439297085441688,9.99000999000999e-4,0.9727827959224348,0.7265498294712693,-1.2198793291335308,no_diff,0.15,0.08647967736494151
band342_2089nm,band342,2089nm,2089,diff,1000,0.08736049318625284,0.03900000000000003,0.0426920215692437,0.02313423680629943,1.9308383497157753,9.99000999000999e-4,0.9983360729755756,0.7187096417812683,-1.2675154566335547,diff,0.15,0.08736049318625284
band343_2094nm,band343,2094nm,2094,diff,1000,0.08908774437702344,0.04300000000000003,0.0431162200271771,0.02354881750167394,1.9521797366928724,9.99000999000999e-4,1.0222811765208786,0.8041793653026027,-1.1604294668673898,diff,0.15,0.08908774437702344
band344_2099nm,band344,2099nm,2099,diff,1000,0.0888741151150963,0.04100000000000003,0.04243968954318934,0.02337361901870677,1.9866168578662875,9.99000999000999e-4,0.9794991119593652,0.744010532543977,-1.197059662312813,diff,0.15,0.0888741151150963
band345_2104nm,band345,2104nm,2104,diff,1000,0.08949818607349659,0.03400000000000002,0.0427428048494478,0.02207887230501836,2.117652594667239,9.99000999000999e-4,1.0021759665918433,0.7958131035332845,-1.1468494002752676,diff,0.15,0.08949818607349659
band346_2109nm,band346,2109nm,2109,diff,1000,0.0911913986309674,0.01800000000000001,0.0410020548154397,0.01936449638805684,2.5918228292516945,9.99000999000999e-4,1.013278702893648,0.7885350279997199,-1.1693675886558184,diff,0.15,0.0911913986309674
band347_2114nm,band347,2114nm,2114,diff,1000,0.09096849999275589,0.03900000000000003,0.04245109045200127,0.02299763274304419,2.1096697248297898,9.99000999000999e-4,0.9837883773545586,0.7568423909473924,-1.1796642049135195,diff,0.15,0.09096849999275589
band348_2119nm,band348,2119nm,2119,diff,1000,0.09265852451399652,0.03100000000000002,0.04170852507100719,0.02160246912452518,2.3585266642110847,9.99000999000999e-4,1.0191349922411408,0.7803047575290698,-1.18732643725119,diff,0.15,0.09265852451399652
band349_2124nm,band349,2124nm,2124,diff,1000,0.09407827909843204,0.02500000000000001,0.04175010593330133,0.02148631902192,2.435418235750216,9.99000999000999e-4,1.0208915097943454,0.7856640930391573,-1.1796558337173764,diff,0.15,0.09407827909843204
band350_2129nm,band350,2129nm,2129,diff,1000,0.09425757079443556,0.02900000000000002,0.04185146729894017,0.0224868947706241,2.3305175761286714,9.99000999000999e-4,0.982798990999922,0.7396964884312148,-1.2012243320094025,diff,0.15,0.09425757079443556
band351_2134nm,band351,2134nm,2134,diff,1000,0.09508940626736244,0.02200000000000001,0.04259794100164293,0.02084300087200315,2.518421679683723,9.99000999000999e-4,0.9993777404980112,0.727057822403198,-1.2437639846052926,diff,0.15,0.09508940626736244
band352_2140nm,band352,2140nm,2140,diff,1000,0.0967916256979398,0.02300000000000001,0.04290188661906869,0.02088074300043474,2.580834363880113,9.99000999000999e-4,1.0235531257437227,0.8204100124487304,-1.1296321180669389,diff,0.15,0.0967916256979398
band353_2145nm,band353,2145nm,2145,diff,1000,0.09736031400498468,0.012,0.04018739292527745,0.01832807234345092,3.1194181258312494,9.99000999000999e-4,0.9989160155590382,0.7297113799327964,-1.2354962884600802,diff,0.15,0.09736031400498468
band354_2150nm,band354,2150nm,2150,diff,1000,0.09665558618332752,0.02600000000000001,0.04198435632456073,0.02082357876941086,2.625448318186161,9.99000999000999e-4,0.99976411030752,0.7300434224442166,-1.2370613806786266,diff,0.15,0.09665558618332752
band355_2155nm,band355,2155nm,2155,diff,1000,0.09639273074089924,0.017,0.04046018211056595,0.01932005794083798,2.8950507706348683,9.99000999000999e-4,1.0131333258905608,0.7711240533820163,-1.1888367262426796,diff,0.15,0.09639273074089924
band356_2160nm,band356,2160nm,2160,diff,1000,0.09496631653794864,0.01900000000000001,0.04115660856600966,0.02010318831442333,2.676675317881413,9.99000999000999e-4,0.9813640228581928,0.7344059437587348,-1.2069587860136402,diff,0.15,0.09496631653794864
band357_2165nm,band357,2165nm,2165,diff,1000,0.0987275076516018,0.02000000000000001,0.04121630667449708,0.01977089027227545,2.9088827151983225,9.99000999000999e-4,0.9766347191575114,0.7346025214721414,-1.1950778629871648,diff,0.15,0.0987275076516018
band358_2170nm,band358,2170nm,2170,diff,1000,0.0980861546387387,0.01800000000000001,0.04080732023239732,0.0205601936680166,2.7859092833081736,9.99000999000999e-4,0.9753880706312068,0.704261958493423,-1.2457039676957948,diff,0.15,0.0980861546387387
band359_2175nm,band359,2175nm,2175,diff,1000,0.09699468115254622,0.016,0.04140256117059898,0.02098094652902962,2.6496478557356298,9.99000999000999e-4,0.9645296520862215,0.6862036530273257,-1.2642529183666833,diff,0.15,0.09699468115254622
band360_2180nm,band360,2180nm,2180,diff,1000,0.09962826868007556,0.01900000000000001,0.04187491810668702,0.02156652648349015,2.6779161965465565,9.99000999000999e-4,1.0303397945067123,0.7617611357694962,-1.2217891962766971,diff,0.15,0.09962826868007556
band361_2185nm,band361,2185nm,2185,diff,1000,0.0980881677456336,0.02300000000000001,0.04033751242761626,0.01995144733866805,2.89455969472903,9.99000999000999e-4,0.9960850883492444,0.7402043218005809,-1.2131743819317242,diff,0.15,0.0980881677456336
band362_2190nm,band362,2190nm,2190,diff,1000,0.09964892585500532,0.016,0.04019485558480518,0.01939305772352534,3.0657398703082053,9.99000999000999e-4,0.9933357867096022,0.7280462879265603,-1.2275137936624507,diff,0.15,0.09964892585500532
band363_2195nm,band363,2195nm,2195,diff,1000,0.09929824077338004,0.016,0.04048935224343758,0.01891146753849177,3.1096946025074357,9.99000999000999e-4,1.0254192096059829,0.7637649574537374,-1.2125732658907693,diff,0.15,0.09929824077338004
band364_2200nm,band364,2200nm,2200,diff,1000,0.10040031778882096,0.008,0.04124360627717804,0.01920857723465279,3.079702925884724,9.99000999000999e-4,1.0237538459782958,0.784074053306189,-1.177635612728146,diff,0.15,0.10040031778882096
band365_2205nm,band365,2205nm,2205,diff,1000,0.10059078571803326,0.01,0.04175873681336135,0.01874197503639976,3.1390527834132276,9.99000999000999e-4,1.00362791564158,0.7633886175822263,-1.182932400516541,diff,0.15,0.10059078571803326
band366_2210nm,band366,2210nm,2210,diff,1000,0.10393451463649928,0.01,0.04014071713868607,0.01867098916945546,3.416733678051496,9.99000999000999e-4,0.972699707957436,0.6635926796308629,-1.3091844138549045,diff,0.15,0.10393451463649928
band367_2215nm,band367,2215nm,2215,diff,1000,0.10405765059548332,0.008,0.04056917355989169,0.0182505201186249,3.478721517136422,9.99000999000999e-4,0.9785581469574742,0.7057087421619248,-1.2391804778880533,diff,0.15,0.10405765059548332
band368_2220nm,band368,2220nm,2220,diff,1000,0.1017715073941708,0.012,0.03979802609012147,0.01845964839833748,3.3572406129702226,9.99000999000999e-4,0.9792236752350046,0.7375637453709694,-1.1896628235156883,diff,0.15,0.1017715073941708
band369_2225nm,band369,2225nm,2225,diff,1000,0.10397245862260898,0.012,0.04034458821042541,0.01953394827058297,3.2572969647924968,9.99000999000999e-4,0.9697924823192888,0.7036802024678387,-1.2304169147578825,diff,0.15,0.10397245862260898
band370_2230nm,band370,2230nm,2230,diff,1000,0.10430967577726476,0.011,0.04129498821259247,0.0205808212062315,3.0618159952525397,9.99000999000999e-4,0.99786806070405,0.7371768038215469,-1.2121357865501892,diff,0.15,0.10430967577726476
band371_2235nm,band371,2235nm,2235,diff,1000,0.10164735402167611,0.014,0.04120842418196725,0.02004149423876855,3.015689804345772,9.99000999000999e-4,0.9854352149523684,0.7347943039336641,-1.2027690691114543,diff,0.15,0.10164735402167611
band372_2240nm,band372,2240nm,2240,diff,1000,0.1041101494576108,0.014,0.04139494297407987,0.0196627291737878,3.189547388321657,9.99000999000999e-4,1.0270791069172989,0.7643439623532446,-1.2075309061355997,diff,0.15,0.1041101494576108
band373_2245nm,band373,2245nm,2245,diff,1000,0.1035671421358513,0.01,0.03999113819056227,0.01870218586753768,3.399388948199958,9.99000999000999e-4,0.9647942907756234,0.7564244017307538,-1.138550193078412,diff,0.15,0.1035671421358513
band374_2250nm,band374,2250nm,2250,diff,1000,0.10396959800315568,0.011,0.04184886979746899,0.01967808769750749,3.15684781776611,9.99000999000999e-4,0.9954958638141032,0.7671303967958943,-1.1621573979269009,diff,0.15,0.10396959800315568
band375_2255nm,band375,2255nm,2255,diff,1000,0.10518526401925372,0.008,0.03936772328970672,0.01817497946849357,3.621326827006437,9.99000999000999e-4,1.017959724232696,0.7942715478223356,-1.149196975160457,diff,0.15,0.10518526401925372
band376_2260nm,band376,2260nm,2260,diff,1000,0.10311814408120008,0.011,0.03952514163654032,0.01833961311593486,3.4675214816503,9.99000999000999e-4,1.0143753812804983,0.7474995387848248,-1.2190739792036351,diff,0.15,0.10311814408120008
band377_2265nm,band377,2265nm,2265,diff,1000,0.10197616821593104,0.008,0.04161779444159604,0.01823505132830659,3.3100194064515547,9.99000999000999e-4,0.977716585854832,0.7063657892810592,-1.2397831703177915,diff,0.15,0.10197616821593104
band378_2270nm,band378,2270nm,2270,diff,1000,0.09971179882645605,0.015,0.04039140299761046,0.01870203592681163,3.1718683495737805,9.99000999000999e-4,1.007043927319026,0.7759762971380498,-1.1692781491380415,diff,0.15,0.09971179882645605
band379_2275nm,band379,2275nm,2275,diff,1000,0.10043981638196264,0.015,0.04043363218630468,0.0180953078404367,3.3161184504175756,9.99000999000999e-4,1.0143014397361971,0.7402747568351794,-1.2344897822278489,diff,0.15,0.10043981638196264
band380_2280nm,band380,2280nm,2280,diff,1000,0.0989339099690024,0.02000000000000001,0.04133429302538864,0.02021001335146966,2.8500533840283255,9.99000999000999e-4,1.0409994370098323,0.785992210286401,-1.1985685286849836,diff,0.15,0.0989339099690024
band381_2285nm,band381,2285nm,2285,diff,1000,0.09805121373572552,0.01800000000000001,0.04103633334060348,0.01984694883427018,2.8727277361985815,9.99000999000999e-4,0.9913933997391444,0.7132154361026091,-1.2525558769242553,diff,0.15,0.09805121373572552
band382_2290nm,band382,2290nm,2290,diff,1000,0.09666307328245012,0.014,0.04000103815218778,0.01905528572493642,2.973559984782195,9.99000999000999e-4,1.0330020953519157,0.8035903617489704,-1.1651944406495556,diff,0.15,0.09666307328245012
band383_2295nm,band383,2295nm,2295,diff,1000,0.0968730369378526,0.01900000000000001,0.04031962504166454,0.01887838538326288,2.995669955245588,9.99000999000999e-4,1.000254030762788,0.7542562561890569,-1.1977109721162191,diff,0.15,0.0968730369378526
band384_2300nm,band384,2300nm,2300,diff,1000,0.09671959003606932,0.02600000000000001,0.04161540030317291,0.02140628199507537,2.574206475723967,9.99000999000999e-4,0.977323313179559,0.6954974262658804,-1.2661495066508632,diff,0.15,0.09671959003606932
band385_2305nm,band385,2305nm,2305,diff,1000,0.09453492991112795,0.02200000000000001,0.04146131308337597,0.02046745792219485,2.5930732106305747,9.99000999000999e-4,1.0128851101694811,0.7287653744158933,-1.2601451886958988,diff,0.15,0.09453492991112795
band386_2310nm,band386,2310nm,2310,diff,1000,0.092270806494102,0.02700000000000001,0.04102503175205826,0.02083166688307699,2.459993961581357,9.99000999000999e-4,1.001553201666131,0.7487357149459327,-1.214423697202276,diff,0.15,0.092270806494102
band387_2315nm,band387,2315nm,2315,diff,1000,0.09170075074437466,0.03300000000000002,0.04147794756155012,0.02082628321152377,2.4115106220698483,9.99000999000999e-4,0.935409765184735,0.7048200259109845,-1.1970559624066597,diff,0.15,0.09170075074437466
band388_2320nm,band388,2320nm,2320,diff,1000,0.08813665853029039,0.03200000000000002,0.04129095668136245,0.02178562736874865,2.150303090014649,9.99000999000999e-4,0.9869947082236312,0.7691735045013719,-1.1686024602160978,diff,0.15,0.08813665853029039
band389_2325nm,band389,2325nm,2325,no_diff,1000,0.0874869729144923,0.05300000000000004,0.04400722532175678,0.02284612956816675,1.903155957467699,9.99000999000999e-4,0.9668490000040492,0.7248738229496744,-1.2131242696987394,no_diff,0.15,0.0874869729144923
band390_2330nm,band390,2330nm,2330,diff,1000,0.08822193834185847,0.04400000000000003,0.04259115721746997,0.02315127313396934,1.9709836629863553,9.99000999000999e-4,0.9975282179207576,0.7877196500481882,-1.1543526678854248,diff,0.15,0.08822193834185847
band391_2335nm,band391,2335nm,2335,no_diff,1000,0.08854494283611752,0.05900000000000004,0.04381331822210296,0.02407497792832255,1.858013110009579,9.99000999000999e-4,0.9701242233033036,0.7164121883602771,-1.2305475741345815,no_diff,0.15,0.08854494283611752
band392_2340nm,band392,2340nm,2340,no_diff,1000,0.0847487898852025,0.06300000000000004,0.04482459342823687,0.0245707603059062,1.624866140074991,9.99000999000999e-4,0.979541910941016,0.779022119858134,-1.148610672593947,no_diff,0.15,0.0847487898852025
band393_2345nm,band393,2345nm,2345,no_diff,1000,0.08284010362956701,0.07600000000000005,0.04322448671227022,0.02413714098219942,1.6412721351924973,9.99000999000999e-4,0.9928267827945412,0.8036549657772986,-1.1323101553722512,no_diff,0.15,0.08284010362956701
band394_2350nm,band394,2350nm,2350,no_diff,1000,0.08197477759836516,0.06300000000000004,0.04298549150990523,0.02326679805712691,1.6757478185322117,9.99000999000999e-4,0.9980380185555284,0.7126648261474318,-1.2854054351317932,no_diff,0.15,0.08197477759836516
band395_2355nm,band395,2355nm,2355,no_diff,1000,0.08211423056068791,0.07400000000000005,0.04371549432726018,0.0246520434207112,1.5576289388313898,9.99000999000999e-4,0.940208495788443,0.6236571501045948,-1.3759070429703923,no_diff,0.15,0.08211423056068791
band396_2360nm,band396,2360nm,2360,no_diff,1000,0.08134396368806553,0.09200000000000008,0.04452794967531683,0.0250398579170395,1.470296442365017,9.99000999000999e-4,1.0170989808906523,0.7697027067724845,-1.2157356456837636,no_diff,0.15,0.08134396368806553
band397_2365nm,band397,2365nm,2365,no_diff,1000,0.07916650383853836,0.11500000000000007,0.04627006876182535,0.02947273086656914,1.1161651502754828,9.99000999000999e-4,0.9710980283858702,0.7432047981525037,-1.2001154012521724,no_diff,0.15,0.07916650383853836
band398_2370nm,band398,2370nm,2370,no_diff,1000,0.07780816075275925,0.1210000000000001,0.04600065745106015,0.03130118452835455,1.0161757064780057,9.99000999000999e-4,1.010875766443598,0.7431731585936339,-1.2555184412964504,no_diff,0.15,0.07780816075275925
band399_2375nm,band399,2375nm,2375,no_diff,1000,0.07621839089531843,0.11400000000000007,0.04510577164084137,0.02573381918595849,1.209016781755173,9.99000999000999e-4,0.996934748766332,0.7338302246879552,-1.2546721665253395,no_diff,0.15,0.07621839089531843
band400_2380nm,band400,2380nm,2380,no_diff,1000,0.07501240236627195,0.1510000000000001,0.04624264644805064,0.03001835962607131,0.9584053318234756,9.99000999000999e-4,1.0263769534823253,0.7661091726949913,-1.241813288528288,no_diff,0.15,0.07501240236627195
band401_2385nm,band401,2385nm,2385,no_diff,1000,0.07172129247682159,0.17300000000000013,0.04743975981141596,0.03284228143133149,0.7393375736145138,9.99000999000999e-4,1.007844942942331,0.7780262495588257,-1.2032031708394566,no_diff,0.15,0.07172129247682159
band402_2390nm,band402,2390nm,2390,no_diff,1000,0.07389957272638775,0.1450000000000001,0.04666341244386522,0.03222204402947165,0.8452648211147368,9.99000999000999e-4,1.0237468774609289,0.7336757654017141,-1.29464178800354,no_diff,0.15,0.07389957272638775
band403_2395nm,band403,2395nm,2395,no_diff,1000,0.07698700588410108,0.1310000000000001,0.04605828075589811,0.03104517522497332,0.9962490114510072,9.99000999000999e-4,0.9982214638313424,0.7834928922570977,-1.1758044866154886,no_diff,0.15,0.07698700588410108
band404_2400nm,band404,2400nm,2400,no_diff,1000,0.07581356592582751,0.1560000000000001,0.04779664291509973,0.03263955758090109,0.8583732466742066,9.99000999000999e-4,0.9777612431409268,0.7197871325940196,-1.2530755780040086,no_diff,0.15,0.07581356592582751
